[Header],,,,,,,,,,,
IEMFileVersion,5,,,,,,,,,,
Date,8/19/2022,,,,,,,,,,
Workflow,GenerateFASTQ,,,,,,,,,,
Application,NovaSeq FASTQ Only,,,,,,,,,,
Instrument Type,NovaSeq,,,,,,,,,,
Assay,Illumina Stranded Total RNA,,,,,,,,,,
Index Adapters,IDT-Ilmn RNA UD Indexes SetA Ligation,,,,,,,,,,
Chemistry,Amplicon,,,,,,,,,,
,,,,,,,,,,,
[Reads],,,,,,,,,,,
100,,,,,,,,,,,
100,,,,,,,,,,,
,,,,,,,,,,,
[Settings],,,,,,,,,,,
,,,,,,,,,,,
[Data],,,,,,,,,,,
Lane,Sample_ID,Sample_Name,Sample_Plate,Sample_Well,Index_Plate_Well,I7_Index_ID,index,I5_Index_ID,index2,Sample_Project,Description
1,Ctrl_1,,12784,A01,B08,UDP0058,CTCGCTTCGG,UDP0058,TTGACTAGTA,Fuchs-SS-12784,100+10+10+100
1,MC903_1,,12784,A02,C08,UDP0059,CTGTTGGTCC,UDP0059,AACGGTCTAT,Fuchs-SS-12784,100+10+10+100
1,MC903_2,,12784,A03,D08,UDP0060,TTACCTGGAA,UDP0060,CTGGAACTGT,Fuchs-SS-12784,100+10+10+100
1,1403,,12833,A01,A01,UDI0001,CCGCGGTT,UDI0001,CTAGCGCT,Giaccone-YH-12833,100+8+8+100
1,1422,,12833,A02,B01,UDI0002,TTATAACC,UDI0002,TCGATATC,Giaccone-YH-12833,100+8+8+100
1,1379,,12833,A03,C01,UDI0003,GGACTTGG,UDI0003,CGTCTGCG,Giaccone-YH-12833,100+8+8+100
1,1384,,12833,A04,D01,UDI0004,AAGTCCAA,UDI0004,TACTCATA,Giaccone-YH-12833,100+8+8+100
1,1,,12789,A01,G03,UDP0023,ACGCCTTGTT,UDP0023,ACGTTCCTTA,Mason-ND-12789,100+10+10+100
1,2,,12789,A02,B04,UDP0026,GGTTGCGAGG,UDP0026,TTGCTCTATT,Mason-ND-12789,100+10+10+100
1,3,,12789,A03,C04,UDP0027,TAAGCATCCA,UDP0027,AATGGATTGA,Mason-ND-12789,100+10+10+100
1,4,,12789,A04,D04,UDP0028,ACCACGACAT,UDP0028,CCGCATACGA,Mason-ND-12789,100+10+10+100
1,5,,12789,A05,E04,UDP0029,GCCGCACTCT,UDP0029,CGAGGTCGGA,Mason-ND-12789,100+10+10+100
1,6,,12789,A06,F04,UDP0030,CCACCAGGCA,UDP0030,ATTCCATAAG,Mason-ND-12789,100+10+10+100
1,7,,12789,A07,G04,UDP0031,GTGACACGCA,UDP0031,GTCCGTAAGC,Mason-ND-12789,100+10+10+100
1,8,,12789,A08,H04,UDP0032,ACAGTGTATG,UDP0032,CCGTATGTTC,Mason-ND-12789,100+10+10+100
1,9,,12789,A09,A05,UDP0033,TGATTATACG,UDP0033,TGTAATCGAC,Mason-ND-12789,100+10+10+100
1,10,,12789,A10,B05,UDP0034,CAGCCGCGTA,UDP0034,CACGGCTAGT,Mason-ND-12789,100+10+10+100
1,11,,12789,A11,C05,UDP0035,GGTAACTCGC,UDP0035,TCACCAACTT,Mason-ND-12789,100+10+10+100
1,12,,12789,A12,D05,UDP0036,ACCGGCCGTA,UDP0036,AATATTGCCA,Mason-ND-12789,100+10+10+100
1,13,,12789,B01,E05,UDP0037,TGTAATCGAC,UDP0037,CGCGGTGATC,Mason-ND-12789,100+10+10+100
1,14,,12789,B02,F05,UDP0038,GTGCAGACAG,UDP0038,ACGGATGGTA,Mason-ND-12789,100+10+10+100
1,small,,12869,A01,E01,UDI0005,ATCCACTG,UDI0005,ACGCACCT,Rafii-RC-12869,100+8+8+100
1,medium,,12869,A02,F01,UDI0006,GCTTGTCA,UDI0006,GTATGTTC,Rafii-RC-12869,100+8+8+100
1,large,,12869,A03,G01,UDI0007,CAAGCTAG,UDI0007,CGCTATGT,Rafii-RC-12869,100+8+8+100
1,1,,12893,A01,H01,UDI0008,TGGATCGA,UDI0008,TATCGCAC,Stadtfeld-KC-12893,100+8+8+100
1,2,,12893,A02,A02,UDI0009,AGTTCAGG,UDI0009,TCTGTTGG,Stadtfeld-KC-12893,100+8+8+100
1,3,,12893,A03,B02,UDI0010,GACCTGAA,UDI0010,CTCACCAA,Stadtfeld-KC-12893,100+8+8+100
1,4,,12893,A04,C02,UDI0011,TCTCTACT,UDI0011,GAACCGCG,Stadtfeld-KC-12893,100+8+8+100
1,5,,12893,A05,D02,UDI0012,CTCTCGTC,UDI0012,AGGTTATA,Stadtfeld-KC-12893,100+8+8+100
1,6,,12893,A06,E02,UDI0013,CCAAGTCT,UDI0013,TCATCCTT,Stadtfeld-KC-12893,100+8+8+100
1,1,,12792,A01,A09,UDP0065,TAATGTGTCT,UDP0065,TATGCCTTAC,James-DJ-12792,100+10+10+100
1,2,,12792,A02,B09,UDP0066,ATACCAACGC,UDP0066,CGCAGCAATT,James-DJ-12792,100+10+10+100
1,3,,12792,A03,C09,UDP0067,AGGATGTGCT,UDP0067,GGAATTGTAA,James-DJ-12792,100+10+10+100
1,4,,12792,A04,D09,UDP0068,CACGGAACAA,UDP0068,GTGCTAGGTT,James-DJ-12792,100+10+10+100
1,5,,12792,A05,E09,UDP0069,TGGAGTACTT,UDP0069,TCCACACAGA,James-DJ-12792,100+10+10+100
1,6,,12792,A06,F09,UDP0070,GTATTGACGT,UDP0070,TTGGAATTCC,James-DJ-12792,100+10+10+100
1,7,,12792,A07,G09,UDP0071,CTTGTACACC,UDP0071,AAGCGCGCTT,James-DJ-12792,100+10+10+100
1,8,,12792,A08,H09,UDP0072,ACACAGGTGG,UDP0072,ACAACGCTCA,James-DJ-12792,100+10+10+100
1,9,,12792,A09,A10,UDP0073,CCTGCGGAAC,UDP0073,AGCCTATGAT,James-DJ-12792,100+10+10+100
1,10,,12792,A10,B10,UDP0074,TTCATAAGGT,UDP0074,CCTTCTAACA,James-DJ-12792,100+10+10+100
1,11,,12792,A11,C10,UDP0075,CTCTGCAGCG,UDP0075,TACATCCATC,James-DJ-12792,100+10+10+100
1,12,,12792,A12,D10,UDP0076,CTGACTCTAC,UDP0076,TGACGGCCGT,James-DJ-12792,100+10+10+100
1,486,,12902,A01,F02,UDI0014,TTGGACTC,UDI0014,CTGCTTCC,Hollenberg-MR-12902,100+8+8+100
1,483,,12902,A02,G02,UDI0015,GGCTTAAG,UDI0015,GGTCACGA,Hollenberg-MR-12902,100+8+8+100
1,482,,12902,A03,H02,UDI0016,AATCCGGA,UDI0016,AACTGTAG,Hollenberg-MR-12902,100+8+8+100
1,423,,12902,A04,A03,UDI0017,TAATACAG,UDI0017,GTGAATAT,Hollenberg-MR-12902,100+8+8+100
1,477,,12902,A05,B03,UDI0018,CGGCGTGA,UDI0018,ACAGGCGC,Hollenberg-MR-12902,100+8+8+100
1,476,,12902,A06,C03,UDI0019,ATGTAAGT,UDI0019,CATAGAGT,Hollenberg-MR-12902,100+8+8+100
1,CO_BSO_cntrl,,,,G12,,AACCGAGA,,,Fine-JN-12737,100+8+8+100
1,CO_500um_BSO,,,,H12,,ACAAGCTA,,,Fine-JN-12737,100+8+8+100
1,ST045,,,,A6,S771,GTCAGTCA,S531,CGGCATTA,Lishomwa-MC-12912,100+8+8+100
1,ST045d,,,,B6,S779,CCTTCCAT,S589,CACGCAAT,Lishomwa-MC-12912,100+8+8+100
1,ST101,,,,C6,S788,AGGAACAC,S587,GGAATGTC,Lishomwa-MC-12912,100+8+8+100
1,ST101d,,,,D6,S739,CTTACAGC,S503,TGGTGAAG,Lishomwa-MC-12912,100+8+8+100
1,ST122,,,,E6,S737,TACCTGCA,S576,GGACATCA,Lishomwa-MC-12912,100+8+8+100
1,ST122d,,,,F6,S728,AGACGCTA,S582,GGTGTACA,Lishomwa-MC-12912,100+8+8+100
1,ST143,,,,G6,S780,CAACACAG,S530,GATAGCCA,Lishomwa-MC-12912,100+8+8+100
1,ST143d,,,,H6,S761,GTACCACA,S533,CCACAACA,Lishomwa-MC-12912,100+8+8+100
1,ST144,,,,C4,S735,GTCGTTAC,S554,AGCTAAGC,Lishomwa-MC-12912,100+8+8+100
1,ST144d,,,,D4,S727,GTAACCGA,S598,AAGACACC,Lishomwa-MC-12912,100+8+8+100
2,ADT_HTO_5P_HL5_S1,,,,,A,GAGTCTGGTG,,,Nam-MT-12889,28+10+10+90
2,ADT_HTO_5P_HL5_S2,,,,,G,GTCTGTGAGG,,,Nam-MT-12889,28+10+10+90
2,ADT_HTO_1095_5P,,,,,L,CACTACCTCA,,,Nam-MT-12889,28+10+10+90
2,ADT_HTO_1250_5P,,,,,M,TCAAGCTGTA,,,Nam-MT-12889,28+10+10+90
2,ADT_3P_1274,,,,,C,AAATTAGAGG,,,Nam-MT-12889,28+10+10+90
2,HTO_3P_1274,,,,,J,TCTATTGGAT,,,Nam-MT-12889,28+10+10+90
2,3P_GEX_1274,,,,,H2,TAGCATAGTG,,,Nam-MT-12889,28+10+10+90
2,3P_GoT_Type_1_CALR_1274,,,,,E,GGCTATAAGT,,,Nam-MT-12889,28+10+10+90
2,SNuBar_Species_Mix,,,,,B,AGTTACGACG,,,Nam-MT-12889,28+10+10+90
2,SNuBar_1312,,,,,Z,ACATCGCTTC,,,Nam-MT-12889,28+10+10+90
2,32LN_TCR,,,,,SI-TT-C1,,,,Landau-SG-12495,28+10+10+90
2,21T_TCR,,,,,SI-TT-C2,,,,Landau-SG-12495,28+10+10+90
2,21LN_TCR,,,,,SI-TT-C3,,,,Landau-SG-12495,28+10+10+90
2,10LN_TCR,,,,,SI-TT-C4,,,,Landau-SG-12495,28+10+10+90
2,32LN_GEX,,,,,SI-TT-C12,,,,Landau-SG-12495,28+10+10+90
2,21T_GEX,,,,,SI-TT-D1,,,,Landau-SG-12495,28+10+10+90
2,21LN_GEX,,,,,SI-TT-D2,,,,Landau-SG-12495,28+10+10+90
2,10LN_GEX,,,,,SI-TT-D3,,,,Landau-SG-12495,28+10+10+90
2,P15_GEX,,,,,SI-TT-C8,,,,Giaccone-YH-12917,28+10+10+90
2,P27_GEX,,,,,SI-TT-C9,,,,Giaccone-YH-12917,28+10+10+90
3,Control_1,,,,,SI-NA-D8,,,,Mason-ND-12939,50+8+24+49
3,Control_2,,,,,SI-NA-D9,,,,Mason-ND-12939,50+8+24+49
3,Injury_1,,,,,SI-NA-D10,,,,Mason-ND-12939,50+8+24+49
3,Injury_2,,,,,SI-NA-D11,,,,Mason-ND-12939,50+8+24+49
3,Rev_early_1,,,,,SI-NA-D12,,,,Mason-ND-12939,50+8+24+49
3,Rev_early_2,,,,,SI-NA-E1,,,,Mason-ND-12939,50+8+24+49
3,Rev_mid_1,,,,,SI-NA-E2,,,,Mason-ND-12939,50+8+24+49
3,Rev_mid_2,,,,,SI-NA-E3,,,,Mason-ND-12939,50+8+24+49
3,Rev_late_1,,,,,SI-NA-E4,,,,Mason-ND-12939,50+8+24+49
3,Rev_late_2,,,,,SI-NA-E5,,,,Mason-ND-12939,50+8+24+49
4,Control_1,,,,,SI-TT-D12,,,,Mason-ND-12940,28+10+10+90
4,Control_2,,,,,SI-TT-E1,,,,Mason-ND-12940,28+10+10+90
4,Injury_1,,,,,SI-TT-E2,,,,Mason-ND-12940,28+10+10+90
4,Injury_2,,,,,SI-TT-E3,,,,Mason-ND-12940,28+10+10+90
4,Rev_early_1,,,,,SI-TT-E4,,,,Mason-ND-12940,28+10+10+90
4,Rev_early_2,,,,,SI-TT-E5,,,,Mason-ND-12940,28+10+10+90
4,Rev_mid_1,,,,,SI-TT-E6,,,,Mason-ND-12940,28+10+10+90
4,Rev_mid_2,,,,,SI-TT-E7,,,,Mason-ND-12940,28+10+10+90
4,Rev_late_1,,,,,SI-TT-E8,,,,Mason-ND-12940,28+10+10+90
4,Rev_late_2,,,,,SI-TT-E9,,,,Mason-ND-12940,28+10+10+90
